{"train_loss":1.1567966938018799,"train_accuracy":0.4,"_timestamp":1.7684886925052738e+09,"_step":1813,"gradients":{"bins":[-0.16158267855644226,-0.15778636932373047,-0.15399006009101868,-0.15019375085830688,-0.1463974416255951,-0.1426011174917221,-0.13880480825901031,-0.13500849902629852,-0.13121218979358673,-0.12741588056087494,-0.12361957132816315,-0.11982325464487076,-0.11602694541215897,-0.11223063617944717,-0.10843431949615479,-0.104638010263443,-0.1008417010307312,-0.09704539179801941,-0.09324908256530762,-0.08945276588201523,-0.08565645664930344,-0.08186014741659164,-0.07806383073329926,-0.07426752150058746,-0.07047121226787567,-0.06667490303516388,-0.06287859380245209,-0.0590822771191597,-0.055285967886447906,-0.051489658653736115,-0.047693341970443726,-0.043897032737731934,-0.04010072350502014,-0.03630441427230835,-0.03250810503959656,-0.028711795806884766,-0.024915486574172974,-0.021119162440299988,-0.017322853207588196,-0.013526543974876404,-0.009730234742164612,-0.00593392550945282,-0.002137616276741028,0.0016586929559707642,0.00545501708984375,0.009251326322555542,0.013047635555267334,0.016843944787979126,0.020640254020690918,0.02443656325340271,0.028232872486114502,0.032029181718826294,0.035825490951538086,0.03962181508541107,0.043418124318122864,0.047214433550834656,0.05101074278354645,0.05480705201625824,0.05860336124897003,0.062399670481681824,0.06619599461555481,0.0699923038482666,0.0737886130809784,0.07758492231369019,0.08138123154640198],"_type":"histogram","values":[1,1,0,1,1,0,0,2,0,0,0,3,0,0,2,1,0,2,2,1,2,2,3,6,5,6,21,17,32,24,32,29,27,46,65,72,85,109,134,323,1072,11253,11145834,18292,1294,566,303,161,94,51,37,23,19,11,12,6,7,3,1,2,2,1,1,1]},"_wandb":{"runtime":523},"_runtime":523}